{"cameraMode":{"drawMode":0,"name":"Shaded","section":"Shading Mode"},"sceneLighting":true,"audioPlay":false,"sceneViewState":{"showFog":false,"showMaterialUpdate":false,"showSkybox":false,"showFlares":false,"showImageEffects":false,"showParticleSystems":false},"in2DMode":false,"pivot":{"x":-1.1750999689102173,"y":0.04085531830787659,"z":-9.486721992492676},"rotation":{"x":0.015073949471116066,"y":0.8517535924911499,"z":-0.5231625437736511,"w":0.024537963792681695},"size":7.015663146972656,"orthographic":false}